{"cameraMode":{"drawMode":0,"name":"Shaded","section":"Shading Mode"},"sceneLighting":true,"audioPlay":false,"sceneViewState":{"m_AlwaysRefresh":false,"showFog":true,"showSkybox":true,"showFlares":true,"showImageEffects":true,"showParticleSystems":true,"showVisualEffectGraphs":true,"m_FxEnabled":true},"in2DMode":false,"pivot":{"x":-2.1543750762939455,"y":1.1264482736587525,"z":-3.1389520168304445},"rotation":{"x":0.0007656112429685891,"y":0.9925714731216431,"z":-0.12150630354881287,"w":0.006254084408283234},"size":9.779489517211914,"orthographic":false}